algorithm,data_path,approach,data_label,join_time,total_time,feature_selection_time,depth,accuracy,rmse,mae,train_time,feature_importance,join_path_features,cutoff_threshold,redundancy_threshold,rank,top_k,n_features,privacy_risk_score,n_sensitive_features,sensitive_features,blocked_features,join_name,split_mode,test_groups
RandomForest,"[['scenarioB_seg01/amf-seg01-reduced.csv', 'n', 'n', 'scenarioB_seg01/amf-performance_seg02_20211112_151228.csv'], ['scenarioB_seg01/amf-seg01-reduced.csv', 'n', 'n', 'scenarioB_seg01/amf-performance_seg03_20211114_072356.csv'], ['scenarioB_seg01/amf-seg01-reduced.csv', 'n', 'n', 'scenarioB_seg01/amf-performance_seg04_20211115_092253.csv'], ['scenarioB_seg01/amf-seg01-reduced.csv', 'n', 'n', 'scenarioB_seg01/amf-performance_seg05_20211115_145002.csv'], ['scenarioB_seg01/amf-seg01-reduced.csv', 'n', 'n', 'scenarioB_seg01/amf-performance_seg06_20211116_161428.csv'], ['scenarioB_seg01/amf-seg01-reduced.csv', 'n', 'n', 'scenarioB_seg01/amf-performance_seg07_20211116_210722.csv']]",AutoFeat,scenarioB_amf_seg01,0.0,1.5078821182250977,0.7788701057434082,0,0.9327673316001892,0.0,0.0,0.7290120124816895,"{'scenarioB_seg01/amf-seg01-reduced.csv.n': 21762292.648637403, 'scenarioB_seg01/amf-seg01-reduced.csv.cpu_limit': 6655562.9415467335, 'scenarioB_seg01/amf-seg01-reduced.csv.ram_usage': 617153.6350116994, 'scenarioB_seg01/amf-performance_seg02_20211112_151228.csv.time': 149013.1926710725, 'scenarioB_seg01/amf-performance_seg07_20211116_210722.csv.cpu_usage': 145166.77425818815, 'scenarioB_seg01/amf-performance_seg03_20211114_072356.csv.cpu_usage': 81658.519364715, 'scenarioB_seg01/amf-performance_seg05_20211115_145002.csv.ram_usage': 45363.87436518892, 'scenarioB_seg01/amf-seg01-reduced.csv.ram_limit': 35808.191587795314, 'scenarioB_seg01/amf-seg01-reduced.csv.cpu_usage': 19631.339051421917, 'scenarioB_seg01/amf-performance_seg07_20211116_210722.csv.ram_usage': 16358.583116576076, 'scenarioB_seg01/amf-performance_seg03_20211114_072356.csv.ram_limit': 16332.054824570008, 'scenarioB_seg01/amf-performance_seg04_20211115_092253.csv.time': 12634.630707579292, 'scenarioB_seg01/amf-performance_seg05_20211115_145002.csv.cpu_limit': 7766.5518679438155, 'scenarioB_seg01/amf-performance_seg05_20211115_145002.csv.ram_limit': 6644.874263704568, 'scenarioB_seg01/amf-performance_seg03_20211114_072356.csv.ram_usage': 3081.2571451729164, 'scenarioB_seg01/amf-performance_seg05_20211115_145002.csv.cpu_usage': 1833.4515274444595, 'scenarioB_seg01/amf-performance_seg02_20211112_151228.csv.ram_limit': 1377.547849772498, 'scenarioB_seg01/amf-seg01-reduced.csv.time': 0.0, 'scenarioB_seg01/amf-performance_seg04_20211115_092253.csv.cpu_usage': -2398.6822677705436, 'scenarioB_seg01/amf-performance_seg04_20211115_092253.csv.ram_limit': -4282.078086254187, 'scenarioB_seg01/amf-performance_seg07_20211116_210722.csv.time': -5173.588478651643, 'scenarioB_seg01/amf-performance_seg06_20211116_161428.csv.ram_limit': -5722.520951901935, 'scenarioB_seg01/amf-performance_seg02_20211112_151228.csv.cpu_limit': -8185.923971774801, 'scenarioB_seg01/amf-performance_seg07_20211116_210722.csv.ram_limit': -9496.955163730123, 'scenarioB_seg01/amf-performance_seg03_20211114_072356.csv.time': -15569.447894692235, 'scenarioB_seg01/amf-performance_seg06_20211116_161428.csv.time': -18156.706384491736, 'scenarioB_seg01/amf-performance_seg02_20211112_151228.csv.ram_usage': -56108.10016951747, 'scenarioB_seg01/amf-performance_seg06_20211116_161428.csv.cpu_usage': -207547.131949017}","['scenarioB_seg01/amf-seg01-reduced.csv.time', 'scenarioB_seg01/amf-seg01-reduced.csv.ram_limit', 'scenarioB_seg01/amf-seg01-reduced.csv.cpu_limit', 'scenarioB_seg01/amf-seg01-reduced.csv.ram_usage', 'scenarioB_seg01/amf-seg01-reduced.csv.cpu_usage', 'scenarioB_seg01/amf-seg01-reduced.csv.n', 'scenarioB_seg01/amf-performance_seg02_20211112_151228.csv.ram_limit', 'scenarioB_seg01/amf-performance_seg02_20211112_151228.csv.ram_usage', 'scenarioB_seg01/amf-performance_seg02_20211112_151228.csv.time', 'scenarioB_seg01/amf-performance_seg02_20211112_151228.csv.cpu_limit', 'scenarioB_seg01/amf-performance_seg03_20211114_072356.csv.ram_usage', 'scenarioB_seg01/amf-performance_seg03_20211114_072356.csv.ram_limit', 'scenarioB_seg01/amf-performance_seg03_20211114_072356.csv.time', 'scenarioB_seg01/amf-performance_seg03_20211114_072356.csv.cpu_usage', 'scenarioB_seg01/amf-performance_seg04_20211115_092253.csv.cpu_usage', 'scenarioB_seg01/amf-performance_seg04_20211115_092253.csv.ram_limit', 'scenarioB_seg01/amf-performance_seg04_20211115_092253.csv.time', 'scenarioB_seg01/amf-performance_seg05_20211115_145002.csv.ram_limit', 'scenarioB_seg01/amf-performance_seg05_20211115_145002.csv.ram_usage', 'scenarioB_seg01/amf-performance_seg05_20211115_145002.csv.cpu_usage', 'scenarioB_seg01/amf-performance_seg05_20211115_145002.csv.cpu_limit', 'scenarioB_seg01/amf-performance_seg06_20211116_161428.csv.cpu_usage', 'scenarioB_seg01/amf-performance_seg06_20211116_161428.csv.time', 'scenarioB_seg01/amf-performance_seg06_20211116_161428.csv.ram_limit', 'scenarioB_seg01/amf-performance_seg07_20211116_210722.csv.cpu_usage', 'scenarioB_seg01/amf-performance_seg07_20211116_210722.csv.ram_limit', 'scenarioB_seg01/amf-performance_seg07_20211116_210722.csv.time', 'scenarioB_seg01/amf-performance_seg07_20211116_210722.csv.ram_usage']",0.65,0.0,1.329116100410851,15,28,0.0,0,[],[],scenarioB_seg01/amf-seg01-reduced.csv--scenarioB_seg01/amf-seg01-reduced.csv|n|n|scenarioB_seg01/amf-performance_seg02_20211112_151228.csv--scenarioB_seg01/amf-seg01-reduced.csv|n|n|scenarioB_seg01/amf-performance_seg03_20211114_072356.csv--scenarioB_seg01/amf-seg01-reduced.csv|n|n|scenarioB_seg01/amf-performance_seg04_20211115_092253.csv--scenarioB_seg01/amf-seg01-reduced.csv|n|n|scenarioB_seg01/amf-performance_seg05_20211115_145002.csv--scenarioB_seg01/amf-seg01-reduced.csv|n|n|scenarioB_seg01/amf-performance_seg06_20211116_161428.csv--scenarioB_seg01/amf-seg01-reduced.csv|n|n|scenarioB_seg01/amf-performance_seg07_20211116_210722.csv,temporal,
XGBoost,"[['scenarioB_seg01/amf-seg01-reduced.csv', 'n', 'n', 'scenarioB_seg01/amf-performance_seg02_20211112_151228.csv'], ['scenarioB_seg01/amf-seg01-reduced.csv', 'n', 'n', 'scenarioB_seg01/amf-performance_seg03_20211114_072356.csv'], ['scenarioB_seg01/amf-seg01-reduced.csv', 'n', 'n', 'scenarioB_seg01/amf-performance_seg04_20211115_092253.csv'], ['scenarioB_seg01/amf-seg01-reduced.csv', 'n', 'n', 'scenarioB_seg01/amf-performance_seg05_20211115_145002.csv'], ['scenarioB_seg01/amf-seg01-reduced.csv', 'n', 'n', 'scenarioB_seg01/amf-performance_seg06_20211116_161428.csv'], ['scenarioB_seg01/amf-seg01-reduced.csv', 'n', 'n', 'scenarioB_seg01/amf-performance_seg07_20211116_210722.csv']]",AutoFeat,scenarioB_amf_seg01,0.0,1.5078821182250977,0.7788701057434082,0,0.9331362247467041,0.0,0.0,0.7290120124816895,"{'scenarioB_seg01/amf-seg01-reduced.csv.n': 21753042.622136228, 'scenarioB_seg01/amf-seg01-reduced.csv.cpu_limit': 5962338.138663901, 'scenarioB_seg01/amf-seg01-reduced.csv.ram_usage': 4914002.281557633, 'scenarioB_seg01/amf-performance_seg04_20211115_092253.csv.time': 206419.6387103958, 'scenarioB_seg01/amf-seg01-reduced.csv.cpu_usage': 152276.6903159706, 'scenarioB_seg01/amf-performance_seg03_20211114_072356.csv.cpu_usage': 100876.59889341108, 'scenarioB_seg01/amf-performance_seg04_20211115_092253.csv.ram_limit': 45671.22087948732, 'scenarioB_seg01/amf-performance_seg04_20211115_092253.csv.cpu_usage': 45652.19560431056, 'scenarioB_seg01/amf-performance_seg02_20211112_151228.csv.cpu_limit': 22517.783030481263, 'scenarioB_seg01/amf-seg01-reduced.csv.ram_limit': 21785.92366621755, 'scenarioB_seg01/amf-performance_seg03_20211114_072356.csv.ram_limit': 14269.551916127279, 'scenarioB_seg01/amf-performance_seg05_20211115_145002.csv.ram_limit': 13640.854827198014, 'scenarioB_seg01/amf-performance_seg03_20211114_072356.csv.ram_usage': 1486.0547054568306, 'scenarioB_seg01/amf-performance_seg07_20211116_210722.csv.time': 849.3805101715028, 'scenarioB_seg01/amf-performance_seg07_20211116_210722.csv.ram_limit': 218.95837334860116, 'scenarioB_seg01/amf-performance_seg07_20211116_210722.csv.ram_usage': 215.61305125318466, 'scenarioB_seg01/amf-performance_seg06_20211116_161428.csv.ram_limit': 0.0, 'scenarioB_seg01/amf-seg01-reduced.csv.time': 0.0, 'scenarioB_seg01/amf-performance_seg06_20211116_161428.csv.time': -115.01678663659841, 'scenarioB_seg01/amf-performance_seg05_20211115_145002.csv.ram_usage': -298.7916367676109, 'scenarioB_seg01/amf-performance_seg02_20211112_151228.csv.ram_usage': -2994.529337828234, 'scenarioB_seg01/amf-performance_seg05_20211115_145002.csv.cpu_limit': -14648.826843529567, 'scenarioB_seg01/amf-performance_seg03_20211114_072356.csv.time': -19813.786705875023, 'scenarioB_seg01/amf-performance_seg05_20211115_145002.csv.cpu_usage': -27276.318513431026, 'scenarioB_seg01/amf-performance_seg02_20211112_151228.csv.ram_limit': -39830.66237064749, 'scenarioB_seg01/amf-performance_seg07_20211116_210722.csv.cpu_usage': -69131.20194694326, 'scenarioB_seg01/amf-performance_seg06_20211116_161428.csv.cpu_usage': -135072.07245315035, 'scenarioB_seg01/amf-performance_seg02_20211112_151228.csv.time': -387566.510761727}","['scenarioB_seg01/amf-seg01-reduced.csv.time', 'scenarioB_seg01/amf-seg01-reduced.csv.ram_limit', 'scenarioB_seg01/amf-seg01-reduced.csv.cpu_limit', 'scenarioB_seg01/amf-seg01-reduced.csv.ram_usage', 'scenarioB_seg01/amf-seg01-reduced.csv.cpu_usage', 'scenarioB_seg01/amf-seg01-reduced.csv.n', 'scenarioB_seg01/amf-performance_seg02_20211112_151228.csv.ram_limit', 'scenarioB_seg01/amf-performance_seg02_20211112_151228.csv.ram_usage', 'scenarioB_seg01/amf-performance_seg02_20211112_151228.csv.time', 'scenarioB_seg01/amf-performance_seg02_20211112_151228.csv.cpu_limit', 'scenarioB_seg01/amf-performance_seg03_20211114_072356.csv.ram_usage', 'scenarioB_seg01/amf-performance_seg03_20211114_072356.csv.ram_limit', 'scenarioB_seg01/amf-performance_seg03_20211114_072356.csv.time', 'scenarioB_seg01/amf-performance_seg03_20211114_072356.csv.cpu_usage', 'scenarioB_seg01/amf-performance_seg04_20211115_092253.csv.cpu_usage', 'scenarioB_seg01/amf-performance_seg04_20211115_092253.csv.ram_limit', 'scenarioB_seg01/amf-performance_seg04_20211115_092253.csv.time', 'scenarioB_seg01/amf-performance_seg05_20211115_145002.csv.ram_limit', 'scenarioB_seg01/amf-performance_seg05_20211115_145002.csv.ram_usage', 'scenarioB_seg01/amf-performance_seg05_20211115_145002.csv.cpu_usage', 'scenarioB_seg01/amf-performance_seg05_20211115_145002.csv.cpu_limit', 'scenarioB_seg01/amf-performance_seg06_20211116_161428.csv.cpu_usage', 'scenarioB_seg01/amf-performance_seg06_20211116_161428.csv.time', 'scenarioB_seg01/amf-performance_seg06_20211116_161428.csv.ram_limit', 'scenarioB_seg01/amf-performance_seg07_20211116_210722.csv.cpu_usage', 'scenarioB_seg01/amf-performance_seg07_20211116_210722.csv.ram_limit', 'scenarioB_seg01/amf-performance_seg07_20211116_210722.csv.time', 'scenarioB_seg01/amf-performance_seg07_20211116_210722.csv.ram_usage']",0.65,0.0,1.329116100410851,15,28,0.0,0,[],[],scenarioB_seg01/amf-seg01-reduced.csv--scenarioB_seg01/amf-seg01-reduced.csv|n|n|scenarioB_seg01/amf-performance_seg02_20211112_151228.csv--scenarioB_seg01/amf-seg01-reduced.csv|n|n|scenarioB_seg01/amf-performance_seg03_20211114_072356.csv--scenarioB_seg01/amf-seg01-reduced.csv|n|n|scenarioB_seg01/amf-performance_seg04_20211115_092253.csv--scenarioB_seg01/amf-seg01-reduced.csv|n|n|scenarioB_seg01/amf-performance_seg05_20211115_145002.csv--scenarioB_seg01/amf-seg01-reduced.csv|n|n|scenarioB_seg01/amf-performance_seg06_20211116_161428.csv--scenarioB_seg01/amf-seg01-reduced.csv|n|n|scenarioB_seg01/amf-performance_seg07_20211116_210722.csv,temporal,
XGBoost,"[['scenarioB_seg01/amf-seg01-reduced.csv', 'n', 'n', 'scenarioB_seg01/amf-performance_seg02_20211112_151228.csv'], ['scenarioB_seg01/amf-seg01-reduced.csv', 'n', 'n', 'scenarioB_seg01/amf-performance_seg03_20211114_072356.csv'], ['scenarioB_seg01/amf-seg01-reduced.csv', 'n', 'n', 'scenarioB_seg01/amf-performance_seg04_20211115_092253.csv'], ['scenarioB_seg01/amf-seg01-reduced.csv', 'n', 'n', 'scenarioB_seg01/amf-performance_seg05_20211115_145002.csv']]",AutoFeat,scenarioB_amf_seg01,0.0,1.9046001434326172,0.7788701057434082,0,0.9375990629196167,0.0,0.0,1.125730037689209,"{'scenarioB_seg01/amf-seg01-reduced.csv.n': 21826496.947875034, 'scenarioB_seg01/amf-seg01-reduced.csv.cpu_limit': 5532094.053597212, 'scenarioB_seg01/amf-seg01-reduced.csv.ram_usage': 4894773.005001632, 'scenarioB_seg01/amf-seg01-reduced.csv.cpu_usage': 205168.29051235877, 'scenarioB_seg01/amf-performance_seg04_20211115_092253.csv.time': 157395.95283941907, 'scenarioB_seg01/amf-performance_seg04_20211115_092253.csv.ram_limit': 53179.11160214804, 'scenarioB_seg01/amf-performance_seg04_20211115_092253.csv.cpu_usage': 48984.11558020823, 'scenarioB_seg01/amf-performance_seg03_20211114_072356.csv.cpu_usage': 38110.70967315529, 'scenarioB_seg01/amf-performance_seg05_20211115_145002.csv.cpu_limit': 27343.157259932348, 'scenarioB_seg01/amf-performance_seg03_20211114_072356.csv.ram_limit': 8829.846216084063, 'scenarioB_seg01/amf-performance_seg02_20211112_151228.csv.cpu_limit': 8770.266014120727, 'scenarioB_seg01/amf-performance_seg05_20211115_145002.csv.ram_limit': 1781.9331740027294, 'scenarioB_seg01/amf-performance_seg03_20211114_072356.csv.ram_usage': 124.99981684982777, 'scenarioB_seg01/amf-seg01-reduced.csv.time': 0.0, 'scenarioB_seg01/amf-performance_seg05_20211115_145002.csv.ram_usage': -511.3392049646005, 'scenarioB_seg01/amf-performance_seg02_20211112_151228.csv.ram_usage': -841.9651781469584, 'scenarioB_seg01/amf-seg01-reduced.csv.ram_limit': -1490.7490242095664, 'scenarioB_seg01/amf-performance_seg05_20211115_145002.csv.cpu_usage': -1941.7678790723905, 'scenarioB_seg01/amf-performance_seg03_20211114_072356.csv.time': -17241.041236884146, 'scenarioB_seg01/amf-performance_seg02_20211112_151228.csv.ram_limit': -17501.495890063234, 'scenarioB_seg01/amf-performance_seg02_20211112_151228.csv.time': -418902.7915629262}","['scenarioB_seg01/amf-seg01-reduced.csv.time', 'scenarioB_seg01/amf-seg01-reduced.csv.ram_limit', 'scenarioB_seg01/amf-seg01-reduced.csv.cpu_limit', 'scenarioB_seg01/amf-seg01-reduced.csv.ram_usage', 'scenarioB_seg01/amf-seg01-reduced.csv.cpu_usage', 'scenarioB_seg01/amf-seg01-reduced.csv.n', 'scenarioB_seg01/amf-performance_seg02_20211112_151228.csv.ram_limit', 'scenarioB_seg01/amf-performance_seg02_20211112_151228.csv.ram_usage', 'scenarioB_seg01/amf-performance_seg02_20211112_151228.csv.time', 'scenarioB_seg01/amf-performance_seg02_20211112_151228.csv.cpu_limit', 'scenarioB_seg01/amf-performance_seg03_20211114_072356.csv.ram_usage', 'scenarioB_seg01/amf-performance_seg03_20211114_072356.csv.ram_limit', 'scenarioB_seg01/amf-performance_seg03_20211114_072356.csv.time', 'scenarioB_seg01/amf-performance_seg03_20211114_072356.csv.cpu_usage', 'scenarioB_seg01/amf-performance_seg04_20211115_092253.csv.cpu_usage', 'scenarioB_seg01/amf-performance_seg04_20211115_092253.csv.ram_limit', 'scenarioB_seg01/amf-performance_seg04_20211115_092253.csv.time', 'scenarioB_seg01/amf-performance_seg05_20211115_145002.csv.ram_limit', 'scenarioB_seg01/amf-performance_seg05_20211115_145002.csv.ram_usage', 'scenarioB_seg01/amf-performance_seg05_20211115_145002.csv.cpu_usage', 'scenarioB_seg01/amf-performance_seg05_20211115_145002.csv.cpu_limit']",0.65,0.0,1.3236364604647008,15,21,0.0,0,[],[],scenarioB_seg01/amf-seg01-reduced.csv--scenarioB_seg01/amf-seg01-reduced.csv|n|n|scenarioB_seg01/amf-performance_seg02_20211112_151228.csv--scenarioB_seg01/amf-seg01-reduced.csv|n|n|scenarioB_seg01/amf-performance_seg03_20211114_072356.csv--scenarioB_seg01/amf-seg01-reduced.csv|n|n|scenarioB_seg01/amf-performance_seg04_20211115_092253.csv--scenarioB_seg01/amf-seg01-reduced.csv|n|n|scenarioB_seg01/amf-performance_seg05_20211115_145002.csv,temporal,
RandomForest,"[['scenarioB_seg01/amf-seg01-reduced.csv', 'n', 'n', 'scenarioB_seg01/amf-performance_seg02_20211112_151228.csv'], ['scenarioB_seg01/amf-seg01-reduced.csv', 'n', 'n', 'scenarioB_seg01/amf-performance_seg03_20211114_072356.csv'], ['scenarioB_seg01/amf-seg01-reduced.csv', 'n', 'n', 'scenarioB_seg01/amf-performance_seg04_20211115_092253.csv'], ['scenarioB_seg01/amf-seg01-reduced.csv', 'n', 'n', 'scenarioB_seg01/amf-performance_seg05_20211115_145002.csv']]",AutoFeat,scenarioB_amf_seg01,0.0,1.9046001434326172,0.7788701057434082,0,0.9335058927536011,0.0,0.0,1.125730037689209,"{'scenarioB_seg01/amf-seg01-reduced.csv.n': 22289483.37942287, 'scenarioB_seg01/amf-seg01-reduced.csv.cpu_limit': 6469356.6343472665, 'scenarioB_seg01/amf-seg01-reduced.csv.ram_usage': 709056.5880799775, 'scenarioB_seg01/amf-performance_seg02_20211112_151228.csv.time': 188989.3214411104, 'scenarioB_seg01/amf-performance_seg03_20211114_072356.csv.ram_limit': 146139.9687621629, 'scenarioB_seg01/amf-performance_seg05_20211115_145002.csv.ram_usage': 94403.63433195744, 'scenarioB_seg01/amf-performance_seg03_20211114_072356.csv.cpu_usage': 83095.8734383693, 'scenarioB_seg01/amf-performance_seg05_20211115_145002.csv.ram_limit': 38030.92144039161, 'scenarioB_seg01/amf-performance_seg03_20211114_072356.csv.ram_usage': 32803.43060915619, 'scenarioB_seg01/amf-seg01-reduced.csv.ram_limit': 28371.66130085662, 'scenarioB_seg01/amf-performance_seg04_20211115_092253.csv.time': 10064.18850195147, 'scenarioB_seg01/amf-performance_seg02_20211112_151228.csv.ram_limit': 9171.34104260765, 'scenarioB_seg01/amf-performance_seg05_20211115_145002.csv.cpu_usage': 6060.233489796333, 'scenarioB_seg01/amf-performance_seg04_20211115_092253.csv.cpu_usage': 4216.384717124514, 'scenarioB_seg01/amf-performance_seg05_20211115_145002.csv.cpu_limit': 3228.095092240721, 'scenarioB_seg01/amf-seg01-reduced.csv.time': 0.0, 'scenarioB_seg01/amf-performance_seg02_20211112_151228.csv.cpu_limit': -3044.344410152361, 'scenarioB_seg01/amf-performance_seg04_20211115_092253.csv.ram_limit': -14569.457082840241, 'scenarioB_seg01/amf-performance_seg03_20211114_072356.csv.time': -27353.539956466295, 'scenarioB_seg01/amf-seg01-reduced.csv.cpu_usage': -30259.46355223637, 'scenarioB_seg01/amf-performance_seg02_20211112_151228.csv.ram_usage': -40805.345385153036}","['scenarioB_seg01/amf-seg01-reduced.csv.time', 'scenarioB_seg01/amf-seg01-reduced.csv.ram_limit', 'scenarioB_seg01/amf-seg01-reduced.csv.cpu_limit', 'scenarioB_seg01/amf-seg01-reduced.csv.ram_usage', 'scenarioB_seg01/amf-seg01-reduced.csv.cpu_usage', 'scenarioB_seg01/amf-seg01-reduced.csv.n', 'scenarioB_seg01/amf-performance_seg02_20211112_151228.csv.ram_limit', 'scenarioB_seg01/amf-performance_seg02_20211112_151228.csv.ram_usage', 'scenarioB_seg01/amf-performance_seg02_20211112_151228.csv.time', 'scenarioB_seg01/amf-performance_seg02_20211112_151228.csv.cpu_limit', 'scenarioB_seg01/amf-performance_seg03_20211114_072356.csv.ram_usage', 'scenarioB_seg01/amf-performance_seg03_20211114_072356.csv.ram_limit', 'scenarioB_seg01/amf-performance_seg03_20211114_072356.csv.time', 'scenarioB_seg01/amf-performance_seg03_20211114_072356.csv.cpu_usage', 'scenarioB_seg01/amf-performance_seg04_20211115_092253.csv.cpu_usage', 'scenarioB_seg01/amf-performance_seg04_20211115_092253.csv.ram_limit', 'scenarioB_seg01/amf-performance_seg04_20211115_092253.csv.time', 'scenarioB_seg01/amf-performance_seg05_20211115_145002.csv.ram_limit', 'scenarioB_seg01/amf-performance_seg05_20211115_145002.csv.ram_usage', 'scenarioB_seg01/amf-performance_seg05_20211115_145002.csv.cpu_usage', 'scenarioB_seg01/amf-performance_seg05_20211115_145002.csv.cpu_limit']",0.65,0.0,1.3236364604647008,15,21,0.0,0,[],[],scenarioB_seg01/amf-seg01-reduced.csv--scenarioB_seg01/amf-seg01-reduced.csv|n|n|scenarioB_seg01/amf-performance_seg02_20211112_151228.csv--scenarioB_seg01/amf-seg01-reduced.csv|n|n|scenarioB_seg01/amf-performance_seg03_20211114_072356.csv--scenarioB_seg01/amf-seg01-reduced.csv|n|n|scenarioB_seg01/amf-performance_seg04_20211115_092253.csv--scenarioB_seg01/amf-seg01-reduced.csv|n|n|scenarioB_seg01/amf-performance_seg05_20211115_145002.csv,temporal,
XGBoost,"[['scenarioB_seg01/amf-seg01-reduced.csv', 'n', 'n', 'scenarioB_seg01/amf-performance_seg02_20211112_151228.csv'], ['scenarioB_seg01/amf-seg01-reduced.csv', 'n', 'n', 'scenarioB_seg01/amf-performance_seg03_20211114_072356.csv'], ['scenarioB_seg01/amf-seg01-reduced.csv', 'n', 'n', 'scenarioB_seg01/amf-performance_seg04_20211115_092253.csv']]",AutoFeat,scenarioB_amf_seg01,0.0,1.575592041015625,0.7788701057434082,0,0.9364999532699585,0.0,0.0,0.7967219352722168,"{'scenarioB_seg01/amf-seg01-reduced.csv.n': 21634683.0803801, 'scenarioB_seg01/amf-seg01-reduced.csv.cpu_limit': 5557202.68919195, 'scenarioB_seg01/amf-seg01-reduced.csv.ram_usage': 4840818.387189844, 'scenarioB_seg01/amf-seg01-reduced.csv.cpu_usage': 250370.3068642145, 'scenarioB_seg01/amf-performance_seg04_20211115_092253.csv.time': 185557.7252310887, 'scenarioB_seg01/amf-performance_seg04_20211115_092253.csv.cpu_usage': 75038.35630256143, 'scenarioB_seg01/amf-performance_seg03_20211114_072356.csv.cpu_usage': 53024.29604766909, 'scenarioB_seg01/amf-performance_seg04_20211115_092253.csv.ram_limit': 37456.821818724464, 'scenarioB_seg01/amf-seg01-reduced.csv.ram_limit': 31220.623213351333, 'scenarioB_seg01/amf-performance_seg02_20211112_151228.csv.cpu_limit': 29161.805770848692, 'scenarioB_seg01/amf-performance_seg02_20211112_151228.csv.ram_limit': 11307.969539600052, 'scenarioB_seg01/amf-performance_seg03_20211114_072356.csv.time': 7317.324827118777, 'scenarioB_seg01/amf-performance_seg03_20211114_072356.csv.ram_limit': 2117.347623619996, 'scenarioB_seg01/amf-seg01-reduced.csv.time': 0.0, 'scenarioB_seg01/amf-performance_seg03_20211114_072356.csv.ram_usage': -1429.5152566898614, 'scenarioB_seg01/amf-performance_seg02_20211112_151228.csv.ram_usage': -5405.674758929946, 'scenarioB_seg01/amf-performance_seg02_20211112_151228.csv.time': -385560.6939793577}","['scenarioB_seg01/amf-seg01-reduced.csv.time', 'scenarioB_seg01/amf-seg01-reduced.csv.ram_limit', 'scenarioB_seg01/amf-seg01-reduced.csv.cpu_limit', 'scenarioB_seg01/amf-seg01-reduced.csv.ram_usage', 'scenarioB_seg01/amf-seg01-reduced.csv.cpu_usage', 'scenarioB_seg01/amf-seg01-reduced.csv.n', 'scenarioB_seg01/amf-performance_seg02_20211112_151228.csv.ram_limit', 'scenarioB_seg01/amf-performance_seg02_20211112_151228.csv.ram_usage', 'scenarioB_seg01/amf-performance_seg02_20211112_151228.csv.time', 'scenarioB_seg01/amf-performance_seg02_20211112_151228.csv.cpu_limit', 'scenarioB_seg01/amf-performance_seg03_20211114_072356.csv.ram_usage', 'scenarioB_seg01/amf-performance_seg03_20211114_072356.csv.ram_limit', 'scenarioB_seg01/amf-performance_seg03_20211114_072356.csv.time', 'scenarioB_seg01/amf-performance_seg03_20211114_072356.csv.cpu_usage', 'scenarioB_seg01/amf-performance_seg04_20211115_092253.csv.cpu_usage', 'scenarioB_seg01/amf-performance_seg04_20211115_092253.csv.ram_limit', 'scenarioB_seg01/amf-performance_seg04_20211115_092253.csv.time']",0.65,0.0,1.196104983538807,15,17,0.0,0,[],[],scenarioB_seg01/amf-seg01-reduced.csv--scenarioB_seg01/amf-seg01-reduced.csv|n|n|scenarioB_seg01/amf-performance_seg02_20211112_151228.csv--scenarioB_seg01/amf-seg01-reduced.csv|n|n|scenarioB_seg01/amf-performance_seg03_20211114_072356.csv--scenarioB_seg01/amf-seg01-reduced.csv|n|n|scenarioB_seg01/amf-performance_seg04_20211115_092253.csv,temporal,
RandomForest,"[['scenarioB_seg01/amf-seg01-reduced.csv', 'n', 'n', 'scenarioB_seg01/amf-performance_seg02_20211112_151228.csv'], ['scenarioB_seg01/amf-seg01-reduced.csv', 'n', 'n', 'scenarioB_seg01/amf-performance_seg03_20211114_072356.csv'], ['scenarioB_seg01/amf-seg01-reduced.csv', 'n', 'n', 'scenarioB_seg01/amf-performance_seg04_20211115_092253.csv']]",AutoFeat,scenarioB_amf_seg01,0.0,1.575592041015625,0.7788701057434082,0,0.9314572215080261,0.0,0.0,0.7967219352722168,"{'scenarioB_seg01/amf-seg01-reduced.csv.n': 22356340.737444792, 'scenarioB_seg01/amf-seg01-reduced.csv.cpu_limit': 6438866.752597881, 'scenarioB_seg01/amf-seg01-reduced.csv.ram_usage': 741213.1190261751, 'scenarioB_seg01/amf-performance_seg02_20211112_151228.csv.time': 256793.79104984459, 'scenarioB_seg01/amf-performance_seg03_20211114_072356.csv.ram_usage': 171253.87983170935, 'scenarioB_seg01/amf-performance_seg03_20211114_072356.csv.ram_limit': 129140.77882673145, 'scenarioB_seg01/amf-performance_seg03_20211114_072356.csv.cpu_usage': 80598.8633159751, 'scenarioB_seg01/amf-performance_seg02_20211112_151228.csv.ram_limit': 20651.71405107174, 'scenarioB_seg01/amf-seg01-reduced.csv.ram_limit': 18816.47730549611, 'scenarioB_seg01/amf-performance_seg04_20211115_092253.csv.cpu_usage': 15328.19565843232, 'scenarioB_seg01/amf-performance_seg04_20211115_092253.csv.time': 619.1081204174086, 'scenarioB_seg01/amf-seg01-reduced.csv.time': 0.0, 'scenarioB_seg01/amf-performance_seg02_20211112_151228.csv.cpu_limit': -322.5734678687528, 'scenarioB_seg01/amf-performance_seg03_20211114_072356.csv.time': -8659.660377206095, 'scenarioB_seg01/amf-performance_seg04_20211115_092253.csv.ram_limit': -12831.487048985064, 'scenarioB_seg01/amf-seg01-reduced.csv.cpu_usage': -28615.117552302218, 'scenarioB_seg01/amf-performance_seg02_20211112_151228.csv.ram_usage': -48968.143833909744}","['scenarioB_seg01/amf-seg01-reduced.csv.time', 'scenarioB_seg01/amf-seg01-reduced.csv.ram_limit', 'scenarioB_seg01/amf-seg01-reduced.csv.cpu_limit', 'scenarioB_seg01/amf-seg01-reduced.csv.ram_usage', 'scenarioB_seg01/amf-seg01-reduced.csv.cpu_usage', 'scenarioB_seg01/amf-seg01-reduced.csv.n', 'scenarioB_seg01/amf-performance_seg02_20211112_151228.csv.ram_limit', 'scenarioB_seg01/amf-performance_seg02_20211112_151228.csv.ram_usage', 'scenarioB_seg01/amf-performance_seg02_20211112_151228.csv.time', 'scenarioB_seg01/amf-performance_seg02_20211112_151228.csv.cpu_limit', 'scenarioB_seg01/amf-performance_seg03_20211114_072356.csv.ram_usage', 'scenarioB_seg01/amf-performance_seg03_20211114_072356.csv.ram_limit', 'scenarioB_seg01/amf-performance_seg03_20211114_072356.csv.time', 'scenarioB_seg01/amf-performance_seg03_20211114_072356.csv.cpu_usage', 'scenarioB_seg01/amf-performance_seg04_20211115_092253.csv.cpu_usage', 'scenarioB_seg01/amf-performance_seg04_20211115_092253.csv.ram_limit', 'scenarioB_seg01/amf-performance_seg04_20211115_092253.csv.time']",0.65,0.0,1.196104983538807,15,17,0.0,0,[],[],scenarioB_seg01/amf-seg01-reduced.csv--scenarioB_seg01/amf-seg01-reduced.csv|n|n|scenarioB_seg01/amf-performance_seg02_20211112_151228.csv--scenarioB_seg01/amf-seg01-reduced.csv|n|n|scenarioB_seg01/amf-performance_seg03_20211114_072356.csv--scenarioB_seg01/amf-seg01-reduced.csv|n|n|scenarioB_seg01/amf-performance_seg04_20211115_092253.csv,temporal,
XGBoost,"[['scenarioB_seg01/amf-seg01-reduced.csv', 'n', 'n', 'scenarioB_seg01/amf-performance_seg02_20211112_151228.csv'], ['scenarioB_seg01/amf-seg01-reduced.csv', 'n', 'n', 'scenarioB_seg01/amf-performance_seg03_20211114_072356.csv']]",AutoFeat,scenarioB_amf_seg01,0.0,1.3820011615753174,0.7788701057434082,0,0.9365406036376953,0.0,0.0,0.6031310558319092,"{'scenarioB_seg01/amf-seg01-reduced.csv.n': 22206147.4257842, 'scenarioB_seg01/amf-seg01-reduced.csv.cpu_limit': 5661179.578556642, 'scenarioB_seg01/amf-seg01-reduced.csv.ram_usage': 5012711.07331159, 'scenarioB_seg01/amf-seg01-reduced.csv.cpu_usage': 224908.6944293063, 'scenarioB_seg01/amf-performance_seg03_20211114_072356.csv.cpu_usage': 212463.7463760633, 'scenarioB_seg01/amf-performance_seg03_20211114_072356.csv.time': 43383.46545835398, 'scenarioB_seg01/amf-seg01-reduced.csv.ram_limit': 33845.05563747529, 'scenarioB_seg01/amf-performance_seg02_20211112_151228.csv.cpu_limit': 25263.698031165637, 'scenarioB_seg01/amf-performance_seg02_20211112_151228.csv.ram_limit': 20614.01482084468, 'scenarioB_seg01/amf-performance_seg03_20211114_072356.csv.ram_limit': 3785.446681748331, 'scenarioB_seg01/amf-seg01-reduced.csv.time': 0.0, 'scenarioB_seg01/amf-performance_seg03_20211114_072356.csv.ram_usage': -1287.765816152841, 'scenarioB_seg01/amf-performance_seg02_20211112_151228.csv.ram_usage': -28641.089597837254, 'scenarioB_seg01/amf-performance_seg02_20211112_151228.csv.time': -325118.7481232649}","['scenarioB_seg01/amf-seg01-reduced.csv.time', 'scenarioB_seg01/amf-seg01-reduced.csv.ram_limit', 'scenarioB_seg01/amf-seg01-reduced.csv.cpu_limit', 'scenarioB_seg01/amf-seg01-reduced.csv.ram_usage', 'scenarioB_seg01/amf-seg01-reduced.csv.cpu_usage', 'scenarioB_seg01/amf-seg01-reduced.csv.n', 'scenarioB_seg01/amf-performance_seg02_20211112_151228.csv.ram_limit', 'scenarioB_seg01/amf-performance_seg02_20211112_151228.csv.ram_usage', 'scenarioB_seg01/amf-performance_seg02_20211112_151228.csv.time', 'scenarioB_seg01/amf-performance_seg02_20211112_151228.csv.cpu_limit', 'scenarioB_seg01/amf-performance_seg03_20211114_072356.csv.ram_usage', 'scenarioB_seg01/amf-performance_seg03_20211114_072356.csv.ram_limit', 'scenarioB_seg01/amf-performance_seg03_20211114_072356.csv.time', 'scenarioB_seg01/amf-performance_seg03_20211114_072356.csv.cpu_usage']",0.65,0.0,1.1629106143209618,15,14,0.0,0,[],[],scenarioB_seg01/amf-seg01-reduced.csv--scenarioB_seg01/amf-seg01-reduced.csv|n|n|scenarioB_seg01/amf-performance_seg02_20211112_151228.csv--scenarioB_seg01/amf-seg01-reduced.csv|n|n|scenarioB_seg01/amf-performance_seg03_20211114_072356.csv,temporal,
RandomForest,"[['scenarioB_seg01/amf-seg01-reduced.csv', 'n', 'n', 'scenarioB_seg01/amf-performance_seg02_20211112_151228.csv'], ['scenarioB_seg01/amf-seg01-reduced.csv', 'n', 'n', 'scenarioB_seg01/amf-performance_seg03_20211114_072356.csv']]",AutoFeat,scenarioB_amf_seg01,0.0,1.3820011615753174,0.7788701057434082,0,0.932101309299469,0.0,0.0,0.6031310558319092,"{'scenarioB_seg01/amf-seg01-reduced.csv.n': 22480956.98126415, 'scenarioB_seg01/amf-seg01-reduced.csv.cpu_limit': 6427078.750451101, 'scenarioB_seg01/amf-seg01-reduced.csv.ram_usage': 765552.7235598009, 'scenarioB_seg01/amf-performance_seg03_20211114_072356.csv.ram_usage': 248198.39791155327, 'scenarioB_seg01/amf-performance_seg02_20211112_151228.csv.time': 232985.24662872666, 'scenarioB_seg01/amf-performance_seg03_20211114_072356.csv.cpu_usage': 162186.96113504918, 'scenarioB_seg01/amf-performance_seg03_20211114_072356.csv.ram_limit': 121258.30329604931, 'scenarioB_seg01/amf-performance_seg02_20211112_151228.csv.ram_limit': 41480.7391039364, 'scenarioB_seg01/amf-seg01-reduced.csv.ram_limit': 32535.020067748053, 'scenarioB_seg01/amf-performance_seg02_20211112_151228.csv.ram_usage': 2060.621065168828, 'scenarioB_seg01/amf-performance_seg02_20211112_151228.csv.cpu_limit': 530.8579090969637, 'scenarioB_seg01/amf-seg01-reduced.csv.time': 0.0, 'scenarioB_seg01/amf-performance_seg03_20211114_072356.csv.time': -13714.425078235752, 'scenarioB_seg01/amf-seg01-reduced.csv.cpu_usage': -16831.46953744553}","['scenarioB_seg01/amf-seg01-reduced.csv.time', 'scenarioB_seg01/amf-seg01-reduced.csv.ram_limit', 'scenarioB_seg01/amf-seg01-reduced.csv.cpu_limit', 'scenarioB_seg01/amf-seg01-reduced.csv.ram_usage', 'scenarioB_seg01/amf-seg01-reduced.csv.cpu_usage', 'scenarioB_seg01/amf-seg01-reduced.csv.n', 'scenarioB_seg01/amf-performance_seg02_20211112_151228.csv.ram_limit', 'scenarioB_seg01/amf-performance_seg02_20211112_151228.csv.ram_usage', 'scenarioB_seg01/amf-performance_seg02_20211112_151228.csv.time', 'scenarioB_seg01/amf-performance_seg02_20211112_151228.csv.cpu_limit', 'scenarioB_seg01/amf-performance_seg03_20211114_072356.csv.ram_usage', 'scenarioB_seg01/amf-performance_seg03_20211114_072356.csv.ram_limit', 'scenarioB_seg01/amf-performance_seg03_20211114_072356.csv.time', 'scenarioB_seg01/amf-performance_seg03_20211114_072356.csv.cpu_usage']",0.65,0.0,1.1629106143209618,15,14,0.0,0,[],[],scenarioB_seg01/amf-seg01-reduced.csv--scenarioB_seg01/amf-seg01-reduced.csv|n|n|scenarioB_seg01/amf-performance_seg02_20211112_151228.csv--scenarioB_seg01/amf-seg01-reduced.csv|n|n|scenarioB_seg01/amf-performance_seg03_20211114_072356.csv,temporal,
RandomForest,"[['scenarioB_seg01/amf-seg01-reduced.csv', 'n', 'n', 'scenarioB_seg01/amf-performance_seg02_20211112_151228.csv'], ['scenarioB_seg01/amf-seg01-reduced.csv', 'n', 'n', 'scenarioB_seg01/amf-performance_seg03_20211114_072356.csv'], ['scenarioB_seg01/amf-seg01-reduced.csv', 'n', 'n', 'scenarioB_seg01/amf-performance_seg04_20211115_092253.csv'], ['scenarioB_seg01/amf-seg01-reduced.csv', 'n', 'n', 'scenarioB_seg01/amf-performance_seg05_20211115_145002.csv'], ['scenarioB_seg01/amf-seg01-reduced.csv', 'n', 'n', 'scenarioB_seg01/amf-performance_seg06_20211116_161428.csv']]",AutoFeat,scenarioB_amf_seg01,0.0,1.638375997543335,0.7788701057434082,0,0.9324218034744263,0.0,0.0,0.8595058917999268,"{'scenarioB_seg01/amf-seg01-reduced.csv.n': 21518570.155014254, 'scenarioB_seg01/amf-seg01-reduced.csv.cpu_limit': 6523816.367375775, 'scenarioB_seg01/amf-seg01-reduced.csv.ram_usage': 680974.6660574334, 'scenarioB_seg01/amf-performance_seg02_20211112_151228.csv.time': 119195.65627768953, 'scenarioB_seg01/amf-performance_seg03_20211114_072356.csv.cpu_usage': 98432.04050652236, 'scenarioB_seg01/amf-performance_seg03_20211114_072356.csv.ram_limit': 94483.34535755236, 'scenarioB_seg01/amf-performance_seg03_20211114_072356.csv.ram_usage': 93155.96031717044, 'scenarioB_seg01/amf-performance_seg05_20211115_145002.csv.ram_usage': 69847.49326456487, 'scenarioB_seg01/amf-performance_seg04_20211115_092253.csv.cpu_usage': 32977.28124880772, 'scenarioB_seg01/amf-seg01-reduced.csv.ram_limit': 26547.47788838558, 'scenarioB_seg01/amf-performance_seg05_20211115_145002.csv.ram_limit': 23505.73430612497, 'scenarioB_seg01/amf-performance_seg02_20211112_151228.csv.ram_limit': 19377.548681176453, 'scenarioB_seg01/amf-seg01-reduced.csv.cpu_usage': 16586.009497945382, 'scenarioB_seg01/amf-performance_seg04_20211115_092253.csv.ram_limit': 12047.889286746456, 'scenarioB_seg01/amf-performance_seg04_20211115_092253.csv.time': 10005.257301610149, 'scenarioB_seg01/amf-performance_seg05_20211115_145002.csv.cpu_limit': 7205.946853495948, 'scenarioB_seg01/amf-performance_seg05_20211115_145002.csv.cpu_usage': 5485.60971026402, 'scenarioB_seg01/amf-performance_seg06_20211116_161428.csv.time': 1677.43972151801, 'scenarioB_seg01/amf-seg01-reduced.csv.time': 0.0, 'scenarioB_seg01/amf-performance_seg06_20211116_161428.csv.ram_limit': -1413.979775778018, 'scenarioB_seg01/amf-performance_seg02_20211112_151228.csv.cpu_limit': -5279.909378635324, 'scenarioB_seg01/amf-performance_seg03_20211114_072356.csv.time': -10465.45075167045, 'scenarioB_seg01/amf-performance_seg02_20211112_151228.csv.ram_usage': -32869.9872311864, 'scenarioB_seg01/amf-performance_seg06_20211116_161428.csv.cpu_usage': -187810.07151038927}","['scenarioB_seg01/amf-seg01-reduced.csv.time', 'scenarioB_seg01/amf-seg01-reduced.csv.ram_limit', 'scenarioB_seg01/amf-seg01-reduced.csv.cpu_limit', 'scenarioB_seg01/amf-seg01-reduced.csv.ram_usage', 'scenarioB_seg01/amf-seg01-reduced.csv.cpu_usage', 'scenarioB_seg01/amf-seg01-reduced.csv.n', 'scenarioB_seg01/amf-performance_seg02_20211112_151228.csv.ram_limit', 'scenarioB_seg01/amf-performance_seg02_20211112_151228.csv.ram_usage', 'scenarioB_seg01/amf-performance_seg02_20211112_151228.csv.time', 'scenarioB_seg01/amf-performance_seg02_20211112_151228.csv.cpu_limit', 'scenarioB_seg01/amf-performance_seg03_20211114_072356.csv.ram_usage', 'scenarioB_seg01/amf-performance_seg03_20211114_072356.csv.ram_limit', 'scenarioB_seg01/amf-performance_seg03_20211114_072356.csv.time', 'scenarioB_seg01/amf-performance_seg03_20211114_072356.csv.cpu_usage', 'scenarioB_seg01/amf-performance_seg04_20211115_092253.csv.cpu_usage', 'scenarioB_seg01/amf-performance_seg04_20211115_092253.csv.ram_limit', 'scenarioB_seg01/amf-performance_seg04_20211115_092253.csv.time', 'scenarioB_seg01/amf-performance_seg05_20211115_145002.csv.ram_limit', 'scenarioB_seg01/amf-performance_seg05_20211115_145002.csv.ram_usage', 'scenarioB_seg01/amf-performance_seg05_20211115_145002.csv.cpu_usage', 'scenarioB_seg01/amf-performance_seg05_20211115_145002.csv.cpu_limit', 'scenarioB_seg01/amf-performance_seg06_20211116_161428.csv.cpu_usage', 'scenarioB_seg01/amf-performance_seg06_20211116_161428.csv.time', 'scenarioB_seg01/amf-performance_seg06_20211116_161428.csv.ram_limit']",0.65,0.0,1.1022386664601942,15,24,0.0,0,[],[],scenarioB_seg01/amf-seg01-reduced.csv--scenarioB_seg01/amf-seg01-reduced.csv|n|n|scenarioB_seg01/amf-performance_seg02_20211112_151228.csv--scenarioB_seg01/amf-seg01-reduced.csv|n|n|scenarioB_seg01/amf-performance_seg03_20211114_072356.csv--scenarioB_seg01/amf-seg01-reduced.csv|n|n|scenarioB_seg01/amf-performance_seg04_20211115_092253.csv--scenarioB_seg01/amf-seg01-reduced.csv|n|n|scenarioB_seg01/amf-performance_seg05_20211115_145002.csv--scenarioB_seg01/amf-seg01-reduced.csv|n|n|scenarioB_seg01/amf-performance_seg06_20211116_161428.csv,temporal,
XGBoost,"[['scenarioB_seg01/amf-seg01-reduced.csv', 'n', 'n', 'scenarioB_seg01/amf-performance_seg02_20211112_151228.csv'], ['scenarioB_seg01/amf-seg01-reduced.csv', 'n', 'n', 'scenarioB_seg01/amf-performance_seg03_20211114_072356.csv'], ['scenarioB_seg01/amf-seg01-reduced.csv', 'n', 'n', 'scenarioB_seg01/amf-performance_seg04_20211115_092253.csv'], ['scenarioB_seg01/amf-seg01-reduced.csv', 'n', 'n', 'scenarioB_seg01/amf-performance_seg05_20211115_145002.csv'], ['scenarioB_seg01/amf-seg01-reduced.csv', 'n', 'n', 'scenarioB_seg01/amf-performance_seg06_20211116_161428.csv']]",AutoFeat,scenarioB_amf_seg01,0.0,1.638375997543335,0.7788701057434082,0,0.9375037550926208,0.0,0.0,0.8595058917999268,"{'scenarioB_seg01/amf-seg01-reduced.csv.n': 21530861.743397523, 'scenarioB_seg01/amf-seg01-reduced.csv.cpu_limit': 5716712.809650672, 'scenarioB_seg01/amf-seg01-reduced.csv.ram_usage': 4586431.638253918, 'scenarioB_seg01/amf-seg01-reduced.csv.cpu_usage': 213401.8930096492, 'scenarioB_seg01/amf-performance_seg04_20211115_092253.csv.time': 195592.19922426512, 'scenarioB_seg01/amf-performance_seg03_20211114_072356.csv.cpu_usage': 61432.57028825041, 'scenarioB_seg01/amf-performance_seg04_20211115_092253.csv.cpu_usage': 61009.00140261054, 'scenarioB_seg01/amf-seg01-reduced.csv.ram_limit': 48912.08459084518, 'scenarioB_seg01/amf-performance_seg04_20211115_092253.csv.ram_limit': 48792.09690342545, 'scenarioB_seg01/amf-performance_seg05_20211115_145002.csv.cpu_limit': 44768.18162501529, 'scenarioB_seg01/amf-performance_seg02_20211112_151228.csv.cpu_limit': 21012.587607265636, 'scenarioB_seg01/amf-performance_seg03_20211114_072356.csv.time': 6950.627575075254, 'scenarioB_seg01/amf-performance_seg05_20211115_145002.csv.ram_limit': 4233.287990051135, 'scenarioB_seg01/amf-performance_seg06_20211116_161428.csv.time': 3942.2858113614843, 'scenarioB_seg01/amf-performance_seg03_20211114_072356.csv.ram_limit': 3112.252903759852, 'scenarioB_seg01/amf-performance_seg05_20211115_145002.csv.ram_usage': 103.33997040893883, 'scenarioB_seg01/amf-seg01-reduced.csv.time': 0.0, 'scenarioB_seg01/amf-performance_seg06_20211116_161428.csv.ram_limit': 0.0, 'scenarioB_seg01/amf-performance_seg03_20211114_072356.csv.ram_usage': -896.5596053231508, 'scenarioB_seg01/amf-performance_seg05_20211115_145002.csv.cpu_usage': -2323.820285124518, 'scenarioB_seg01/amf-performance_seg06_20211116_161428.csv.cpu_usage': -7200.7069594999775, 'scenarioB_seg01/amf-performance_seg02_20211112_151228.csv.ram_usage': -18303.609862459263, 'scenarioB_seg01/amf-performance_seg02_20211112_151228.csv.ram_limit': -39279.66358914506, 'scenarioB_seg01/amf-performance_seg02_20211112_151228.csv.time': -383566.2784793755}","['scenarioB_seg01/amf-seg01-reduced.csv.time', 'scenarioB_seg01/amf-seg01-reduced.csv.ram_limit', 'scenarioB_seg01/amf-seg01-reduced.csv.cpu_limit', 'scenarioB_seg01/amf-seg01-reduced.csv.ram_usage', 'scenarioB_seg01/amf-seg01-reduced.csv.cpu_usage', 'scenarioB_seg01/amf-seg01-reduced.csv.n', 'scenarioB_seg01/amf-performance_seg02_20211112_151228.csv.ram_limit', 'scenarioB_seg01/amf-performance_seg02_20211112_151228.csv.ram_usage', 'scenarioB_seg01/amf-performance_seg02_20211112_151228.csv.time', 'scenarioB_seg01/amf-performance_seg02_20211112_151228.csv.cpu_limit', 'scenarioB_seg01/amf-performance_seg03_20211114_072356.csv.ram_usage', 'scenarioB_seg01/amf-performance_seg03_20211114_072356.csv.ram_limit', 'scenarioB_seg01/amf-performance_seg03_20211114_072356.csv.time', 'scenarioB_seg01/amf-performance_seg03_20211114_072356.csv.cpu_usage', 'scenarioB_seg01/amf-performance_seg04_20211115_092253.csv.cpu_usage', 'scenarioB_seg01/amf-performance_seg04_20211115_092253.csv.ram_limit', 'scenarioB_seg01/amf-performance_seg04_20211115_092253.csv.time', 'scenarioB_seg01/amf-performance_seg05_20211115_145002.csv.ram_limit', 'scenarioB_seg01/amf-performance_seg05_20211115_145002.csv.ram_usage', 'scenarioB_seg01/amf-performance_seg05_20211115_145002.csv.cpu_usage', 'scenarioB_seg01/amf-performance_seg05_20211115_145002.csv.cpu_limit', 'scenarioB_seg01/amf-performance_seg06_20211116_161428.csv.cpu_usage', 'scenarioB_seg01/amf-performance_seg06_20211116_161428.csv.time', 'scenarioB_seg01/amf-performance_seg06_20211116_161428.csv.ram_limit']",0.65,0.0,1.1022386664601942,15,24,0.0,0,[],[],scenarioB_seg01/amf-seg01-reduced.csv--scenarioB_seg01/amf-seg01-reduced.csv|n|n|scenarioB_seg01/amf-performance_seg02_20211112_151228.csv--scenarioB_seg01/amf-seg01-reduced.csv|n|n|scenarioB_seg01/amf-performance_seg03_20211114_072356.csv--scenarioB_seg01/amf-seg01-reduced.csv|n|n|scenarioB_seg01/amf-performance_seg04_20211115_092253.csv--scenarioB_seg01/amf-seg01-reduced.csv|n|n|scenarioB_seg01/amf-performance_seg05_20211115_145002.csv--scenarioB_seg01/amf-seg01-reduced.csv|n|n|scenarioB_seg01/amf-performance_seg06_20211116_161428.csv,temporal,
RandomForest,"[['scenarioB_seg01/amf-seg01-reduced.csv', 'n', 'n', 'scenarioB_seg01/amf-performance_seg02_20211112_151228.csv'], ['scenarioB_seg01/amf-seg01-reduced.csv', 'n', 'n', 'scenarioB_seg01/amf-performance_seg03_20211114_072356.csv'], ['scenarioB_seg01/amf-seg01-reduced.csv', 'n', 'n', 'scenarioB_seg01/amf-performance_seg04_20211115_092253.csv'], ['scenarioB_seg01/amf-seg01-reduced.csv', 'n', 'n', 'scenarioB_seg01/amf-performance_seg05_20211115_145002.csv'], ['scenarioB_seg01/amf-seg01-reduced.csv', 'n', 'n', 'scenarioB_seg01/amf-performance_seg06_20211116_161428.csv'], ['scenarioB_seg01/amf-seg01-reduced.csv', 'n', 'n', 'scenarioB_seg01/amf-performance_seg07_20211116_210722.csv'], ['scenarioB_seg01/amf-seg01-reduced.csv', 'n', 'n', 'scenarioB_seg01/amf-performance_seg08_20211117_055508.csv']]",AutoFeat,scenarioB_amf_seg01,0.0,1.5732581615447998,0.7788701057434082,0,0.9304749369621277,0.0,0.0,0.7943880558013916,"{'scenarioB_seg01/amf-seg01-reduced.csv.n': 21708919.138566177, 'scenarioB_seg01/amf-seg01-reduced.csv.cpu_limit': 6556729.321386203, 'scenarioB_seg01/amf-seg01-reduced.csv.ram_usage': 492498.6860512372, 'scenarioB_seg01/amf-performance_seg03_20211114_072356.csv.cpu_usage': 88827.95441492126, 'scenarioB_seg01/amf-performance_seg08_20211117_055508.csv.cpu_limit': 79994.30311856959, 'scenarioB_seg01/amf-performance_seg07_20211116_210722.csv.cpu_usage': 33148.57962539196, 'scenarioB_seg01/amf-seg01-reduced.csv.ram_limit': 27087.397329126114, 'scenarioB_seg01/amf-performance_seg07_20211116_210722.csv.ram_usage': 24884.929293311387, 'scenarioB_seg01/amf-performance_seg03_20211114_072356.csv.ram_limit': 22809.001992504483, 'scenarioB_seg01/amf-performance_seg05_20211115_145002.csv.ram_limit': 9542.901545927487, 'scenarioB_seg01/amf-performance_seg08_20211117_055508.csv.cpu_usage': 9369.396079421975, 'scenarioB_seg01/amf-performance_seg04_20211115_092253.csv.cpu_usage': 7802.906361206248, 'scenarioB_seg01/amf-performance_seg07_20211116_210722.csv.time': 2107.4452056474984, 'scenarioB_seg01/amf-performance_seg02_20211112_151228.csv.ram_limit': 1908.6098593609408, 'scenarioB_seg01/amf-performance_seg05_20211115_145002.csv.cpu_usage': 1737.0603720035404, 'scenarioB_seg01/amf-performance_seg05_20211115_145002.csv.cpu_limit': 732.373345422931, 'scenarioB_seg01/amf-seg01-reduced.csv.time': 0.0, 'scenarioB_seg01/amf-performance_seg03_20211114_072356.csv.time': -2469.8229652754962, 'scenarioB_seg01/amf-performance_seg04_20211115_092253.csv.time': -3350.476900471188, 'scenarioB_seg01/amf-performance_seg02_20211112_151228.csv.cpu_limit': -5902.402876533195, 'scenarioB_seg01/amf-performance_seg07_20211116_210722.csv.ram_limit': -6192.085679822974, 'scenarioB_seg01/amf-performance_seg04_20211115_092253.csv.ram_limit': -10205.046696859597, 'scenarioB_seg01/amf-performance_seg03_20211114_072356.csv.ram_usage': -10384.141979867965, 'scenarioB_seg01/amf-performance_seg05_20211115_145002.csv.ram_usage': -13682.789902561903, 'scenarioB_seg01/amf-performance_seg06_20211116_161428.csv.ram_limit': -13832.146511982754, 'scenarioB_seg01/amf-performance_seg06_20211116_161428.csv.time': -14691.075325184502, 'scenarioB_seg01/amf-performance_seg08_20211117_055508.csv.ram_limit': -16739.931108546814, 'scenarioB_seg01/amf-seg01-reduced.csv.cpu_usage': -22817.473574719763, 'scenarioB_seg01/amf-performance_seg08_20211117_055508.csv.ram_usage': -30134.009012253395, 'scenarioB_seg01/amf-performance_seg02_20211112_151228.csv.ram_usage': -37914.03553591836, 'scenarioB_seg01/amf-performance_seg02_20211112_151228.csv.time': -45637.4963937413, 'scenarioB_seg01/amf-performance_seg06_20211116_161428.csv.cpu_usage': -203667.6188933907}","['scenarioB_seg01/amf-seg01-reduced.csv.time', 'scenarioB_seg01/amf-seg01-reduced.csv.ram_limit', 'scenarioB_seg01/amf-seg01-reduced.csv.cpu_limit', 'scenarioB_seg01/amf-seg01-reduced.csv.ram_usage', 'scenarioB_seg01/amf-seg01-reduced.csv.cpu_usage', 'scenarioB_seg01/amf-seg01-reduced.csv.n', 'scenarioB_seg01/amf-performance_seg02_20211112_151228.csv.ram_limit', 'scenarioB_seg01/amf-performance_seg02_20211112_151228.csv.ram_usage', 'scenarioB_seg01/amf-performance_seg02_20211112_151228.csv.time', 'scenarioB_seg01/amf-performance_seg02_20211112_151228.csv.cpu_limit', 'scenarioB_seg01/amf-performance_seg03_20211114_072356.csv.ram_usage', 'scenarioB_seg01/amf-performance_seg03_20211114_072356.csv.ram_limit', 'scenarioB_seg01/amf-performance_seg03_20211114_072356.csv.time', 'scenarioB_seg01/amf-performance_seg03_20211114_072356.csv.cpu_usage', 'scenarioB_seg01/amf-performance_seg04_20211115_092253.csv.cpu_usage', 'scenarioB_seg01/amf-performance_seg04_20211115_092253.csv.ram_limit', 'scenarioB_seg01/amf-performance_seg04_20211115_092253.csv.time', 'scenarioB_seg01/amf-performance_seg05_20211115_145002.csv.ram_limit', 'scenarioB_seg01/amf-performance_seg05_20211115_145002.csv.ram_usage', 'scenarioB_seg01/amf-performance_seg05_20211115_145002.csv.cpu_usage', 'scenarioB_seg01/amf-performance_seg05_20211115_145002.csv.cpu_limit', 'scenarioB_seg01/amf-performance_seg06_20211116_161428.csv.cpu_usage', 'scenarioB_seg01/amf-performance_seg06_20211116_161428.csv.time', 'scenarioB_seg01/amf-performance_seg06_20211116_161428.csv.ram_limit', 'scenarioB_seg01/amf-performance_seg07_20211116_210722.csv.cpu_usage', 'scenarioB_seg01/amf-performance_seg07_20211116_210722.csv.ram_limit', 'scenarioB_seg01/amf-performance_seg07_20211116_210722.csv.time', 'scenarioB_seg01/amf-performance_seg07_20211116_210722.csv.ram_usage', 'scenarioB_seg01/amf-performance_seg08_20211117_055508.csv.ram_limit', 'scenarioB_seg01/amf-performance_seg08_20211117_055508.csv.cpu_usage', 'scenarioB_seg01/amf-performance_seg08_20211117_055508.csv.ram_usage', 'scenarioB_seg01/amf-performance_seg08_20211117_055508.csv.cpu_limit']",0.65,0.0,1.0733076845287965,15,32,0.0,0,[],[],scenarioB_seg01/amf-seg01-reduced.csv--scenarioB_seg01/amf-seg01-reduced.csv|n|n|scenarioB_seg01/amf-performance_seg02_20211112_151228.csv--scenarioB_seg01/amf-seg01-reduced.csv|n|n|scenarioB_seg01/amf-performance_seg03_20211114_072356.csv--scenarioB_seg01/amf-seg01-reduced.csv|n|n|scenarioB_seg01/amf-performance_seg04_20211115_092253.csv--scenarioB_seg01/amf-seg01-reduced.csv|n|n|scenarioB_seg01/amf-performance_seg05_20211115_145002.csv--scenarioB_seg01/amf-seg01-reduced.csv|n|n|scenarioB_seg01/amf-performance_seg06_20211116_161428.csv--scenarioB_seg01/amf-seg01-reduced.csv|n|n|scenarioB_seg01/amf-performance_seg07_20211116_210722.csv--scenarioB_seg01/amf-seg01-reduced.csv|n|n|scenarioB_seg01/amf-performance_seg08_20211117_055508.csv,temporal,
XGBoost,"[['scenarioB_seg01/amf-seg01-reduced.csv', 'n', 'n', 'scenarioB_seg01/amf-performance_seg02_20211112_151228.csv'], ['scenarioB_seg01/amf-seg01-reduced.csv', 'n', 'n', 'scenarioB_seg01/amf-performance_seg03_20211114_072356.csv'], ['scenarioB_seg01/amf-seg01-reduced.csv', 'n', 'n', 'scenarioB_seg01/amf-performance_seg04_20211115_092253.csv'], ['scenarioB_seg01/amf-seg01-reduced.csv', 'n', 'n', 'scenarioB_seg01/amf-performance_seg05_20211115_145002.csv'], ['scenarioB_seg01/amf-seg01-reduced.csv', 'n', 'n', 'scenarioB_seg01/amf-performance_seg06_20211116_161428.csv'], ['scenarioB_seg01/amf-seg01-reduced.csv', 'n', 'n', 'scenarioB_seg01/amf-performance_seg07_20211116_210722.csv'], ['scenarioB_seg01/amf-seg01-reduced.csv', 'n', 'n', 'scenarioB_seg01/amf-performance_seg08_20211117_055508.csv']]",AutoFeat,scenarioB_amf_seg01,0.0,1.5732581615447998,0.7788701057434082,0,0.9353848099708557,0.0,0.0,0.7943880558013916,"{'scenarioB_seg01/amf-seg01-reduced.csv.n': 22033745.61615885, 'scenarioB_seg01/amf-seg01-reduced.csv.cpu_limit': 6108012.704120139, 'scenarioB_seg01/amf-seg01-reduced.csv.ram_usage': 4889742.6025092285, 'scenarioB_seg01/amf-performance_seg04_20211115_092253.csv.time': 266148.69301862904, 'scenarioB_seg01/amf-seg01-reduced.csv.cpu_usage': 155290.86963090822, 'scenarioB_seg01/amf-performance_seg03_20211114_072356.csv.cpu_usage': 85101.25433483534, 'scenarioB_seg01/amf-performance_seg04_20211115_092253.csv.cpu_usage': 50374.64020839948, 'scenarioB_seg01/amf-seg01-reduced.csv.ram_limit': 43557.600684193894, 'scenarioB_seg01/amf-performance_seg05_20211115_145002.csv.ram_limit': 32818.54194073789, 'scenarioB_seg01/amf-performance_seg04_20211115_092253.csv.ram_limit': 6952.185711341724, 'scenarioB_seg01/amf-performance_seg08_20211117_055508.csv.cpu_usage': 3091.495975494757, 'scenarioB_seg01/amf-performance_seg03_20211114_072356.csv.ram_limit': 1122.680724046193, 'scenarioB_seg01/amf-performance_seg07_20211116_210722.csv.time': 1041.8005394879729, 'scenarioB_seg01/amf-performance_seg03_20211114_072356.csv.ram_usage': 920.383136260882, 'scenarioB_seg01/amf-performance_seg02_20211112_151228.csv.cpu_limit': 473.9968659747392, 'scenarioB_seg01/amf-performance_seg07_20211116_210722.csv.ram_limit': 180.8234485641122, 'scenarioB_seg01/amf-performance_seg06_20211116_161428.csv.ram_limit': 0.0, 'scenarioB_seg01/amf-seg01-reduced.csv.time': 0.0, 'scenarioB_seg01/amf-performance_seg07_20211116_210722.csv.ram_usage': -659.3451729541645, 'scenarioB_seg01/amf-performance_seg05_20211115_145002.csv.cpu_limit': -1714.365513566509, 'scenarioB_seg01/amf-performance_seg05_20211115_145002.csv.ram_usage': -2051.996120479517, 'scenarioB_seg01/amf-performance_seg02_20211112_151228.csv.ram_usage': -2754.371467700228, 'scenarioB_seg01/amf-performance_seg06_20211116_161428.csv.time': -2909.4029502525927, 'scenarioB_seg01/amf-performance_seg08_20211117_055508.csv.ram_usage': -2983.2925357278436, 'scenarioB_seg01/amf-performance_seg05_20211115_145002.csv.cpu_usage': -4096.005647234805, 'scenarioB_seg01/amf-performance_seg08_20211117_055508.csv.ram_limit': -8511.821872325241, 'scenarioB_seg01/amf-performance_seg02_20211112_151228.csv.ram_limit': -10562.928821483812, 'scenarioB_seg01/amf-performance_seg03_20211114_072356.csv.time': -10845.04823054839, 'scenarioB_seg01/amf-performance_seg07_20211116_210722.csv.cpu_usage': -68745.15203957427, 'scenarioB_seg01/amf-performance_seg08_20211117_055508.csv.cpu_limit': -75961.05756588448, 'scenarioB_seg01/amf-performance_seg06_20211116_161428.csv.cpu_usage': -136466.85943969208, 'scenarioB_seg01/amf-performance_seg02_20211112_151228.csv.time': -379418.8741700888}","['scenarioB_seg01/amf-seg01-reduced.csv.time', 'scenarioB_seg01/amf-seg01-reduced.csv.ram_limit', 'scenarioB_seg01/amf-seg01-reduced.csv.cpu_limit', 'scenarioB_seg01/amf-seg01-reduced.csv.ram_usage', 'scenarioB_seg01/amf-seg01-reduced.csv.cpu_usage', 'scenarioB_seg01/amf-seg01-reduced.csv.n', 'scenarioB_seg01/amf-performance_seg02_20211112_151228.csv.ram_limit', 'scenarioB_seg01/amf-performance_seg02_20211112_151228.csv.ram_usage', 'scenarioB_seg01/amf-performance_seg02_20211112_151228.csv.time', 'scenarioB_seg01/amf-performance_seg02_20211112_151228.csv.cpu_limit', 'scenarioB_seg01/amf-performance_seg03_20211114_072356.csv.ram_usage', 'scenarioB_seg01/amf-performance_seg03_20211114_072356.csv.ram_limit', 'scenarioB_seg01/amf-performance_seg03_20211114_072356.csv.time', 'scenarioB_seg01/amf-performance_seg03_20211114_072356.csv.cpu_usage', 'scenarioB_seg01/amf-performance_seg04_20211115_092253.csv.cpu_usage', 'scenarioB_seg01/amf-performance_seg04_20211115_092253.csv.ram_limit', 'scenarioB_seg01/amf-performance_seg04_20211115_092253.csv.time', 'scenarioB_seg01/amf-performance_seg05_20211115_145002.csv.ram_limit', 'scenarioB_seg01/amf-performance_seg05_20211115_145002.csv.ram_usage', 'scenarioB_seg01/amf-performance_seg05_20211115_145002.csv.cpu_usage', 'scenarioB_seg01/amf-performance_seg05_20211115_145002.csv.cpu_limit', 'scenarioB_seg01/amf-performance_seg06_20211116_161428.csv.cpu_usage', 'scenarioB_seg01/amf-performance_seg06_20211116_161428.csv.time', 'scenarioB_seg01/amf-performance_seg06_20211116_161428.csv.ram_limit', 'scenarioB_seg01/amf-performance_seg07_20211116_210722.csv.cpu_usage', 'scenarioB_seg01/amf-performance_seg07_20211116_210722.csv.ram_limit', 'scenarioB_seg01/amf-performance_seg07_20211116_210722.csv.time', 'scenarioB_seg01/amf-performance_seg07_20211116_210722.csv.ram_usage', 'scenarioB_seg01/amf-performance_seg08_20211117_055508.csv.ram_limit', 'scenarioB_seg01/amf-performance_seg08_20211117_055508.csv.cpu_usage', 'scenarioB_seg01/amf-performance_seg08_20211117_055508.csv.ram_usage', 'scenarioB_seg01/amf-performance_seg08_20211117_055508.csv.cpu_limit']",0.65,0.0,1.0733076845287965,15,32,0.0,0,[],[],scenarioB_seg01/amf-seg01-reduced.csv--scenarioB_seg01/amf-seg01-reduced.csv|n|n|scenarioB_seg01/amf-performance_seg02_20211112_151228.csv--scenarioB_seg01/amf-seg01-reduced.csv|n|n|scenarioB_seg01/amf-performance_seg03_20211114_072356.csv--scenarioB_seg01/amf-seg01-reduced.csv|n|n|scenarioB_seg01/amf-performance_seg04_20211115_092253.csv--scenarioB_seg01/amf-seg01-reduced.csv|n|n|scenarioB_seg01/amf-performance_seg05_20211115_145002.csv--scenarioB_seg01/amf-seg01-reduced.csv|n|n|scenarioB_seg01/amf-performance_seg06_20211116_161428.csv--scenarioB_seg01/amf-seg01-reduced.csv|n|n|scenarioB_seg01/amf-performance_seg07_20211116_210722.csv--scenarioB_seg01/amf-seg01-reduced.csv|n|n|scenarioB_seg01/amf-performance_seg08_20211117_055508.csv,temporal,
XGBoost,"[['scenarioB_seg01/amf-seg01-reduced.csv', 'n', 'n', 'scenarioB_seg01/amf-performance_seg02_20211112_151228.csv']]",AutoFeat,scenarioB_amf_seg01,0.0,4.868714094161987,0.7788701057434082,0,0.936822235584259,0.0,0.0,4.089843988418579,"{'scenarioB_seg01/amf-seg01-reduced.csv.n': 22423126.33972863, 'scenarioB_seg01/amf-seg01-reduced.csv.cpu_limit': 5760244.032412935, 'scenarioB_seg01/amf-seg01-reduced.csv.ram_usage': 4896608.843909399, 'scenarioB_seg01/amf-seg01-reduced.csv.cpu_usage': 179217.7427744301, 'scenarioB_seg01/amf-performance_seg02_20211112_151228.csv.ram_limit': 150177.25541829877, 'scenarioB_seg01/amf-seg01-reduced.csv.ram_limit': 29437.60430021435, 'scenarioB_seg01/amf-performance_seg02_20211112_151228.csv.cpu_limit': 22192.543710901773, 'scenarioB_seg01/amf-seg01-reduced.csv.time': 0.0, 'scenarioB_seg01/amf-performance_seg02_20211112_151228.csv.ram_usage': -32209.837605218032, 'scenarioB_seg01/amf-performance_seg02_20211112_151228.csv.time': -268578.54686849343}","['scenarioB_seg01/amf-seg01-reduced.csv.time', 'scenarioB_seg01/amf-seg01-reduced.csv.ram_limit', 'scenarioB_seg01/amf-seg01-reduced.csv.cpu_limit', 'scenarioB_seg01/amf-seg01-reduced.csv.ram_usage', 'scenarioB_seg01/amf-seg01-reduced.csv.cpu_usage', 'scenarioB_seg01/amf-seg01-reduced.csv.n', 'scenarioB_seg01/amf-performance_seg02_20211112_151228.csv.ram_limit', 'scenarioB_seg01/amf-performance_seg02_20211112_151228.csv.ram_usage', 'scenarioB_seg01/amf-performance_seg02_20211112_151228.csv.time', 'scenarioB_seg01/amf-performance_seg02_20211112_151228.csv.cpu_limit']",0.65,0.0,0.7319300832333212,15,10,0.0,0,[],[],scenarioB_seg01/amf-seg01-reduced.csv--scenarioB_seg01/amf-seg01-reduced.csv|n|n|scenarioB_seg01/amf-performance_seg02_20211112_151228.csv,temporal,
RandomForest,"[['scenarioB_seg01/amf-seg01-reduced.csv', 'n', 'n', 'scenarioB_seg01/amf-performance_seg02_20211112_151228.csv']]",AutoFeat,scenarioB_amf_seg01,0.0,4.868714094161987,0.7788701057434082,0,0.9318112730979919,0.0,0.0,4.089843988418579,"{'scenarioB_seg01/amf-seg01-reduced.csv.n': 23130974.30833944, 'scenarioB_seg01/amf-seg01-reduced.csv.cpu_limit': 6427478.087707533, 'scenarioB_seg01/amf-seg01-reduced.csv.ram_usage': 1281167.1884501749, 'scenarioB_seg01/amf-performance_seg02_20211112_151228.csv.time': 200556.6762519555, 'scenarioB_seg01/amf-performance_seg02_20211112_151228.csv.ram_usage': 110126.69439450614, 'scenarioB_seg01/amf-performance_seg02_20211112_151228.csv.ram_limit': 88165.28301171344, 'scenarioB_seg01/amf-seg01-reduced.csv.ram_limit': 20880.710480446927, 'scenarioB_seg01/amf-seg01-reduced.csv.time': 0.0, 'scenarioB_seg01/amf-performance_seg02_20211112_151228.csv.cpu_limit': -6901.239039832168, 'scenarioB_seg01/amf-seg01-reduced.csv.cpu_usage': -13422.083701252752}","['scenarioB_seg01/amf-seg01-reduced.csv.time', 'scenarioB_seg01/amf-seg01-reduced.csv.ram_limit', 'scenarioB_seg01/amf-seg01-reduced.csv.cpu_limit', 'scenarioB_seg01/amf-seg01-reduced.csv.ram_usage', 'scenarioB_seg01/amf-seg01-reduced.csv.cpu_usage', 'scenarioB_seg01/amf-seg01-reduced.csv.n', 'scenarioB_seg01/amf-performance_seg02_20211112_151228.csv.ram_limit', 'scenarioB_seg01/amf-performance_seg02_20211112_151228.csv.ram_usage', 'scenarioB_seg01/amf-performance_seg02_20211112_151228.csv.time', 'scenarioB_seg01/amf-performance_seg02_20211112_151228.csv.cpu_limit']",0.65,0.0,0.7319300832333212,15,10,0.0,0,[],[],scenarioB_seg01/amf-seg01-reduced.csv--scenarioB_seg01/amf-seg01-reduced.csv|n|n|scenarioB_seg01/amf-performance_seg02_20211112_151228.csv,temporal,
